lib;also_sequenced_as;sampled_id;seq_lib;seq_proj;seq_lib_2;seq_proj_2;host_species;ocean;continent;country;island_city;bay_spot;sampling_spot;latitude;longitude;sampling_year;sampling_month;organic_input;biochemistry;water_zone;sediment_size;sediment_type;sediment_structure;other;water_depth;seq_center
2699_C;a_unknown;Mallorca_2016_044a;2699_C;2699;a_unknown;a_unknown;Oalgarvensis;Mediterranean;Europe;Spain;Mallorca;Magalluf;a_unknown;39.503917;2.543103;2016;May;seagrass;a_unknown;a_unknown;a_unknown;a_unknown;a_unknown;a_unknown;a_unknown;Cologne
2699_D;a_unknown;Mallorca_2016_045;2699_D;2699;a_unknown;a_unknown;Oalgarvensis;Mediterranean;Europe;Spain;Mallorca;Magalluf;a_unknown;39.503917;2.543103;2016;May;seagrass;a_unknown;a_unknown;a_unknown;a_unknown;a_unknown;a_unknown;a_unknown;Cologne
3557_A;a_unknown;CBC2017_0062;3557_A;3557;a_unknown;a_unknown;Ospbelize1;Atlantic;CentralAmerica;Belize;TwinCays;Fisherysbeach;a_unknown;16.82356;-88.10617;2017;April;seagrass;a_unknown;a_unknown;a_unknown;sand;a_unknown;a_unknown;-1.5;Cologne
3557_AA;a_unknown;CBC2017_1444;3557_AA;3557;a_unknown;a_unknown;IspFANT;Atlantic;CentralAmerica;Belize;CurlewCay;a_unknown;a_unknown;16.790105;-88.08201;2017;April;corals;a_unknown;a_unknown;a_unknown;sand;a_unknown;a_unknown;-2;Cologne
3557_AB;a_unknown;CBC2017_1483;3557_AB;3557;a_unknown;a_unknown;Iscalprum;Atlantic;CentralAmerica;Belize;CurlewCay;a_unknown;a_unknown;16.790105;-88.08201;2017;April;corals;a_unknown;a_unknown;a_unknown;sand;a_unknown;a_unknown;-2;Cologne
3557_AC;a_unknown;CBC2017_1438;3557_AC;3557;a_unknown;a_unknown;Iscalprum;Atlantic;CentralAmerica;Belize;CurlewCay;a_unknown;a_unknown;16.790105;-88.08201;2017;April;corals;a_unknown;a_unknown;a_unknown;sand;a_unknown;a_unknown;-2;Cologne
3557_AD;a_unknown;CBC2017_1423;3557_AD;3557;a_unknown;a_unknown;IspULE;Atlantic;CentralAmerica;Belize;CurlewCay;a_unknown;a_unknown;16.790105;-88.08201;2017;April;corals;a_unknown;a_unknown;a_unknown;sand;a_unknown;a_unknown;-2;Cologne
3557_AE;a_unknown;CBC2017_1111;3557_AE;3557;a_unknown;a_unknown;Ireginae;Atlantic;CentralAmerica;Belize;TwinCays;Fisherysbeach;a_unknown;16.82356;-88.10617;2017;April;seagrass;a_unknown;a_unknown;a_unknown;sand;a_unknown;a_unknown;-1.5;Cologne
3557_AH;a_unknown;CBC2017_1087;3557_AH;3557;a_unknown;a_unknown;Ireginae;Atlantic;CentralAmerica;Belize;TwinCays;Fisherysbeach;a_unknown;16.82356;-88.10617;2017;April;seagrass;a_unknown;a_unknown;a_unknown;sand;a_unknown;a_unknown;-1;Cologne
3557_AL;a_unknown;CBC2017_0995;3557_AL;3557;a_unknown;a_unknown;Ofinitimus;Atlantic;CentralAmerica;Belize;TwinCays;a_unknown;a_unknown;16.8236;-88.105925;2017;March;seagrass;a_unknown;a_unknown;a_unknown;sand;a_unknown;a_unknown;-1.5;Cologne
3557_AN;a_unknown;CBC2017_1283;3557_AN;3557;a_unknown;a_unknown;Otantulus;Atlantic;CentralAmerica;Belize;TwinCays;Fisherysbeach;a_unknown;16.8236;-88.1061;2017;April;seagrass;a_unknown;a_unknown;a_unknown;sand;a_unknown;a_unknown;-1.5;Cologne
3557_AO;a_unknown;CBC2017_1128;3557_AO;3557;a_unknown;a_unknown;Ireginae;Atlantic;CentralAmerica;Belize;TwinCays;Fisherysbeach;a_unknown;16.82356;-88.10617;2017;April;seagrass;a_unknown;a_unknown;a_unknown;sand;a_unknown;a_unknown;-1.5;Cologne
3557_AQ;a_unknown;CBC2017_1431;3557_AQ;3557;a_unknown;a_unknown;Iaduncosetis;Atlantic;CentralAmerica;Belize;CurlewCay;a_unknown;a_unknown;16.790105;-88.08201;2017;April;corals;a_unknown;a_unknown;a_unknown;sand;a_unknown;a_unknown;-2;Cologne
3557_AR;a_unknown;CBC2017_1428;3557_AR;3557;a_unknown;a_unknown;Iaduncosetis;Atlantic;CentralAmerica;Belize;CurlewCay;a_unknown;a_unknown;16.790105;-88.08201;2017;April;corals;a_unknown;a_unknown;a_unknown;sand;a_unknown;a_unknown;-2;Cologne
3557_AS;a_unknown;CBC2017_1479;3557_AS;3557;a_unknown;a_unknown;Iaduncosetis;Atlantic;CentralAmerica;Belize;CurlewCay;a_unknown;a_unknown;16.790105;-88.08201;2017;April;corals;a_unknown;a_unknown;a_unknown;sand;a_unknown;a_unknown;-2;Cologne
3557_AT;a_unknown;CBC2017_1518;3557_AT;3557;a_unknown;a_unknown;Ileukodermatus;Atlantic;CentralAmerica;Belize;CurlewCay;a_unknown;a_unknown;16.79;-88.0826;2017;April;a_unknown;a_unknown;a_unknown;a_unknown;sand;a_unknown;a_unknown;-1.5;Cologne
3557_AU;a_unknown;CBC2017_1534;3557_AU;3557;a_unknown;a_unknown;IspNYSP;Atlantic;CentralAmerica;Belize;CurlewCay;a_unknown;a_unknown;16.79;-88.0826;2017;April;a_unknown;a_unknown;a_unknown;a_unknown;sand;a_unknown;a_unknown;-1.5;Cologne
3557_AV;a_unknown;CBC2017_1512;3557_AV;3557;a_unknown;a_unknown;IspNYSP;Atlantic;CentralAmerica;Belize;CurlewCay;a_unknown;a_unknown;16.790105;-88.08201;2017;April;corals;a_unknown;a_unknown;a_unknown;sand;a_unknown;a_unknown;-2;Cologne
3557_AW;a_unknown;CBC2017_1503;3557_AW;3557;a_unknown;a_unknown;Iscalprum;Atlantic;CentralAmerica;Belize;CurlewCay;a_unknown;a_unknown;16.790105;-88.08201;2017;April;corals;a_unknown;a_unknown;a_unknown;sand;a_unknown;a_unknown;-2;Cologne
3557_AX;a_unknown;CBC2017_1639;3557_AX;3557;a_unknown;a_unknown;Ileukodermatus;Atlantic;CentralAmerica;Belize;SouthwaterCaye;a_unknown;a_unknown;16.8265;-88.080695;2017;April;seagrass;a_unknown;a_unknown;a_unknown;sand;soft;a_unknown;-2;Cologne
3557_AY;a_unknown;CBC2017_1650;3557_AY;3557;a_unknown;a_unknown;Otantulus;Atlantic;CentralAmerica;Belize;SouthwaterCaye;a_unknown;a_unknown;16.823715;-88.081435;2017;April;seagrass_algal_plumbs;a_unknown;a_unknown;a_unknown;sand;a_unknown;a_unknown;-8;Cologne
3557_AZ;a_unknown;CBC2017_1642;3557_AZ;3557;a_unknown;a_unknown;Oimperfectus;Atlantic;CentralAmerica;Belize;SouthwaterCaye;a_unknown;a_unknown;16.823715;-88.081435;2017;April;seagrass_algal_plumbs;a_unknown;a_unknown;a_unknown;sand;a_unknown;a_unknown;-8;Cologne
3557_B;a_unknown;CBC2017_0103;3557_B;3557;a_unknown;a_unknown;OlongissimusB;Atlantic;CentralAmerica;Belize;CarrieBowCaye;a_unknown;a_unknown;16.804685;-88.0823;2017;April;corals;a_unknown;a_unknown;a_unknown;sand;a_unknown;a_unknown;a_unknown;Cologne
3557_BA;a_unknown;CBC2017_1641;3557_BA;3557;a_unknown;a_unknown;Oimperfectus;Atlantic;CentralAmerica;Belize;SouthwaterCaye;a_unknown;a_unknown;16.823715;-88.081435;2017;April;seagrass_algal_plumbs;a_unknown;a_unknown;a_unknown;sand;a_unknown;a_unknown;-8;Cologne
3557_BB;a_unknown;CBC2017_0302;3557_BB;3557;a_unknown;a_unknown;Ileukodermatus;Atlantic;CentralAmerica;Belize;SouthwaterCaye;a_unknown;a_unknown;16.826195;-88.0813;2017;April;seagrass;a_unknown;a_unknown;a_unknown;sand;a_unknown;a_unknown;-1.5;Cologne
3557_BC;a_unknown;CBC2017_0326;3557_BC;3557;a_unknown;a_unknown;Oimperfectus;Atlantic;CentralAmerica;Belize;SouthwaterCaye;a_unknown;a_unknown;16.826195;-88.0813;2017;April;seagrass;a_unknown;a_unknown;a_unknown;sand;a_unknown;a_unknown;-1.5;Cologne
3557_BD;a_unknown;CBC2017_2403;3557_BD;3557;a_unknown;a_unknown;Otantulus;Atlantic;CentralAmerica;Belize;SouthwaterCaye;a_unknown;a_unknown;16.826195;-88.0813;2017;April;seagrass_algal_plumbs;a_unknown;a_unknown;a_unknown;sand;a_unknown;a_unknown;-1.5;Cologne
3557_BE;a_unknown;CBC2017_2405;3557_BE;3557;a_unknown;a_unknown;Ileukodermatus;Atlantic;CentralAmerica;Belize;SouthwaterCaye;a_unknown;a_unknown;16.826195;-88.0813;2017;April;seagrass_algal_plumbs;a_unknown;a_unknown;a_unknown;sand;a_unknown;a_unknown;-1.5;Cologne
3557_BF;a_unknown;CBC2017_0122;3557_BF;3557;a_unknown;a_unknown;IspNYSP;Atlantic;CentralAmerica;Belize;CurlewCay;a_unknown;a_unknown;16.790135;-88.0818;2017;April;a_unknown;a_unknown;a_unknown;a_unknown;coral_sand;a_unknown;a_unknown;-2;Cologne
3557_BG;a_unknown;CBC2017_0128;3557_BG;3557;a_unknown;a_unknown;Otantulus;Atlantic;CentralAmerica;Belize;TwinCays;Fisherysbeach;a_unknown;16.8236;-88.105925;2017;March;seagrass;a_unknown;a_unknown;a_unknown;sand;a_unknown;a_unknown;-1.5;Cologne
3557_BH;a_unknown;CBC2017_0197;3557_BH;3557;a_unknown;a_unknown;Ozimmermannae;Atlantic;CentralAmerica;Belize;TwinCays;Fisherysbeach;a_unknown;16.82356;-88.10617;2017;April;seagrass;a_unknown;a_unknown;a_unknown;sand;a_unknown;a_unknown;-1.5;Cologne
3557_BI;a_unknown;CBC2017_0208;3557_BI;3557;a_unknown;a_unknown;Oimperfectus;Atlantic;CentralAmerica;Belize;TwinCays;a_unknown;a_unknown;16.831375;-88.10835;2017;April;seagrass;a_unknown;a_unknown;a_unknown;sand;a_unknown;a_unknown;-1.5;Cologne
3557_BJ;a_unknown;CBC2017_0224;3557_BJ;3557;a_unknown;a_unknown;Ileukodermatus;Atlantic;CentralAmerica;Belize;TwinCays;a_unknown;a_unknown;16.831375;-88.10835;2017;April;seagrass;a_unknown;a_unknown;a_unknown;sand;a_unknown;a_unknown;-1.5;Cologne
3557_BK;a_unknown;CBC2017_0532;3557_BK;3557;a_unknown;a_unknown;IspULE;Atlantic;CentralAmerica;Belize;CurlewCay;a_unknown;a_unknown;16.790135;-88.0818;2017;April;a_unknown;a_unknown;a_unknown;a_unknown;coral_sand;a_unknown;a_unknown;-2;Cologne
3557_BL;a_unknown;CBC2017_0536;3557_BL;3557;a_unknown;a_unknown;IspULE;Atlantic;CentralAmerica;Belize;CurlewCay;a_unknown;a_unknown;16.790135;-88.0818;2017;April;a_unknown;a_unknown;a_unknown;a_unknown;coral_sand;a_unknown;a_unknown;-2;Cologne
3557_BM;a_unknown;CBC2017_0562;3557_BM;3557;a_unknown;a_unknown;OlongissimusB;Atlantic;CentralAmerica;Belize;CarrieBowCaye;a_unknown;a_unknown;16.8045;-88.0823;2017;April;corals;a_unknown;a_unknown;a_unknown;sand;a_unknown;a_unknown;a_unknown;Cologne
3557_BN;a_unknown;CBC2017_0591;3557_BN;3557;a_unknown;a_unknown;Iaduncosetis;Atlantic;CentralAmerica;Belize;SouthwaterCaye;a_unknown;a_unknown;16.8254;-88.08;2017;April;seagrass;a_unknown;a_unknown;a_unknown;sand;a_unknown;a_unknown;-2;Cologne
3557_BO;a_unknown;CBC2017_0565;3557_BO;3557;a_unknown;a_unknown;Oimperfectus;Atlantic;CentralAmerica;Belize;TwinCays;Fisherysbeach;a_unknown;16.8312;-88.1096;2017;April;seagrass;a_unknown;a_unknown;a_unknown;sand;a_unknown;a_unknown;-1.5;Cologne
3557_BP;a_unknown;CBC2017_0582;3557_BP;3557;a_unknown;a_unknown;Otantulus;Atlantic;CentralAmerica;Belize;SouthwaterCaye;a_unknown;a_unknown;16.8236;-88.08155;2017;April;algal_plumbs;a_unknown;a_unknown;a_unknown;sand;a_unknown;a_unknown;-1;Cologne
3557_BQ;a_unknown;Mallorca_2016_002;3557_BQ;3557;a_unknown;a_unknown;Onrfaris;Mediterranean;Europe;Spain;Mallorca;LaVictoria;a_unknown;39.872;3.1545;2016;May;seagrass;a_unknown;a_unknown;a_unknown;a_unknown;a_unknown;a_unknown;a_unknown;Cologne
3557_BR;a_unknown;Mallorca_2016_006;3557_BR;3557;a_unknown;a_unknown;Onrfaris;Mediterranean;Europe;Spain;Mallorca;LaVictoria;a_unknown;39.872;3.1545;2016;May;seagrass;a_unknown;a_unknown;a_unknown;a_unknown;a_unknown;a_unknown;-12;Cologne
3557_BS;a_unknown;Mallorca_2016_003;3557_BS;3557;a_unknown;a_unknown;Ofaris;Mediterranean;Europe;Spain;Mallorca;LaVictoria;a_unknown;39.872;3.1545;2016;May;seagrass;a_unknown;a_unknown;a_unknown;a_unknown;a_unknown;a_unknown;a_unknown;Cologne
3557_BT;a_unknown;Mallorca_2016_066;3557_BT;3557;a_unknown;a_unknown;Ofaris;Mediterranean;Europe;Spain;Mallorca;Magaluf;a_unknown;39.5039;2.5431;2016;May;seagrass;a_unknown;a_unknown;a_unknown;a_unknown;a_unknown;a_unknown;a_unknown;Cologne
3557_BU;a_unknown;Mallorca_2016_013;3557_BU;3557;a_unknown;a_unknown;Ofaris;Mediterranean;Europe;Spain;Mallorca;LaVictoria;a_unknown;39.872;3.1545;2016;May;seagrass;a_unknown;a_unknown;a_unknown;a_unknown;a_unknown;a_unknown;a_unknown;Cologne
3557_BV;a_unknown;Mallorca_2016_014;3557_BV;3557;a_unknown;a_unknown;Ofaris;Mediterranean;Europe;Spain;Mallorca;LaVictoria;a_unknown;39.872;3.1545;2016;May;seagrass;a_unknown;a_unknown;a_unknown;a_unknown;a_unknown;a_unknown;a_unknown;Cologne
3557_BW;a_unknown;Mallorca_2016_046;3557_BW;3557;a_unknown;a_unknown;Ofaris;Mediterranean;Europe;Spain;Mallorca;Magaluf;a_unknown;39.5039;2.5431;2016;May;seagrass;a_unknown;a_unknown;a_unknown;a_unknown;a_unknown;a_unknown;a_unknown;Cologne
3557_BX;a_unknown;Gutlessoligochaete_Med_2017_1745(2075);3557_BX;3557;a_unknown;a_unknown;Ofaris;Mediterranean;Europe;Spain;Mallorca;Magaluf;a_unknown;39.5041;2.5433;2017;September;a_unknown;a_unknown;a_unknown;a_unknown;a_unknown;a_unknown;a_unknown;-3;Cologne
3557_BY;a_unknown;Mallorca_2016_007;3557_BY;3557;a_unknown;a_unknown;Ofaris;Mediterranean;Europe;Spain;Mallorca;LaVictoria;a_unknown;39.872;3.1545;2016;May;seagrass;a_unknown;a_unknown;a_unknown;a_unknown;a_unknown;a_unknown;a_unknown;Cologne
3557_BZ;a_unknown;Mallorca_2016_042;3557_BZ;3557;a_unknown;a_unknown;Ofaris;Mediterranean;Europe;Spain;Mallorca;BellaDona;a_unknown;39.4833;2.5322;2016;May;seagrass;a_unknown;a_unknown;a_unknown;sand;a_unknown;a_unknown;a_unknown;Cologne
3557_CA;a_unknown;Mallorca_2016_064;3557_CA;3557;a_unknown;a_unknown;Ofaris;Mediterranean;Europe;Spain;Mallorca;LaVictoria;a_unknown;39.5039;2.5431;2016;May;seagrass;a_unknown;a_unknown;a_unknown;a_unknown;a_unknown;a_unknown;a_unknown;Cologne
3557_CB;a_unknown;Gutlessoligochaete_Med_2017_1606(1936);3557_CB;3557;a_unknown;a_unknown;Ofaris;Mediterranean;Europe;Spain;Mallorca;BellaDona;a_unknown;39.4817;2.5318;2017;August;a_unknown;a_unknown;a_unknown;a_unknown;a_unknown;a_unknown;a_unknown;a_unknown;Cologne
3557_CC;a_unknown;Gutlessoligochaete_Med_2017_1607(1937);3557_CC;3557;a_unknown;a_unknown;Ofaris;Mediterranean;Europe;Spain;Mallorca;BellaDona;a_unknown;39.4817;2.5318;2017;August;a_unknown;a_unknown;a_unknown;a_unknown;a_unknown;a_unknown;a_unknown;a_unknown;Cologne
3557_CD;a_unknown;Gutless_worm_Elba_Oct2016_99;3557_CD;3557;a_unknown;a_unknown;Oalgarvensis;Mediterranean;Europe;Italy;Elba;Cavoli;a_unknown;42.7348;10.1865;2016;November;seagrass;a_unknown;a_unknown;a_unknown;sand;a_unknown;a_unknown;-1;Cologne
3557_CE;a_unknown;Gutless_worm_Elba_Oct2016_100;3557_CE;3557;a_unknown;a_unknown;Oalgarvensis;Mediterranean;Europe;Italy;Elba;Cavoli;a_unknown;42.7348;10.1865;2016;November;seagrass;a_unknown;a_unknown;a_unknown;sand;a_unknown;a_unknown;a_unknown;Cologne
3557_CF;a_unknown;Gutless_worm_Elba_Oct2016_57;3557_CF;3557;a_unknown;a_unknown;Oilvae;Mediterranean;Europe;Italy;Elba;Pomonte;a_unknown;42.7434;10.1194;2016;November;seagrass;a_unknown;a_unknown;a_unknown;sand;a_unknown;a_unknown;-0.3;Cologne
3557_CG;a_unknown;Gutless_worm_Elba_Oct2016_110;3557_CG;3557;a_unknown;a_unknown;Oilvae;Mediterranean;Europe;Italy;Elba;Pomonte;a_unknown;42.7434;10.1194;2016;November;seagrass;a_unknown;a_unknown;a_unknown;sand;a_unknown;a_unknown;-0.3;Cologne
3557_CH;a_unknown;Gutless_worm_Elba_Oct2016_97;3557_CH;3557;a_unknown;a_unknown;Oalgarvensis;Mediterranean;Europe;Italy;Elba;Cavoli;a_unknown;42.7348;10.1865;2016;November;seagrass;a_unknown;a_unknown;a_unknown;sand;a_unknown;a_unknown;a_unknown;Cologne
3557_CI;a_unknown;Gutless_worm_Elba_Oct2016_98;3557_CI;3557;a_unknown;a_unknown;Oalgarvensis;Mediterranean;Europe;Italy;Elba;Cavoli;a_unknown;42.7348;10.1865;2016;November;seagrass;a_unknown;a_unknown;a_unknown;sand;a_unknown;a_unknown;a_unknown;Cologne
3557_CJ;a_unknown;Gutless_worm_Elba_Oct2016_24;3557_CJ;3557;a_unknown;a_unknown;Oilvae;Mediterranean;Europe;Italy;Elba;Pomonte;a_unknown;42.7434;10.1194;2016;November;seagrass;a_unknown;a_unknown;a_unknown;sand;a_unknown;a_unknown;a_unknown;Cologne
3557_CK;a_unknown;Gutless_worm_Elba_Oct2016_71;3557_CK;3557;a_unknown;a_unknown;Oilvae;Mediterranean;Europe;Italy;Elba;Pomonte;a_unknown;42.7434;10.1194;2016;November;seagrass;a_unknown;a_unknown;a_unknown;sand;a_unknown;a_unknown;-0.3;Cologne
3557_CL;a_unknown;Gutless_worm_Elba_Oct2016_25;3557_CL;3557;a_unknown;a_unknown;Oilvae;Mediterranean;Europe;Italy;Elba;Seccheto;a_unknown;42.7338;10.1927;2016;October;seagrass;a_unknown;a_unknown;a_unknown;sand;a_unknown;a_unknown;a_unknown;Cologne
3557_CM;a_unknown;Gutless_worm_Elba_Oct2016_30;3557_CM;3557;a_unknown;a_unknown;Oilvae;Mediterranean;Europe;Italy;Elba;Seccheto;a_unknown;42.7338;10.1927;2016;October;seagrass;a_unknown;a_unknown;a_unknown;sand;a_unknown;a_unknown;-4;Cologne
3557_CN;a_unknown;Gutless_worm_Elba_Oct2016_131;3557_CN;3557;a_unknown;a_unknown;Oilvae;Mediterranean;Europe;Italy;Elba;Pomonte;a_unknown;42.7434;10.1194;2016;November;seagrass;a_unknown;a_unknown;a_unknown;sand;a_unknown;a_unknown;-0.3;Cologne
3557_CO;a_unknown;Gutless_worm_Elba_Oct2016_143;3557_CO;3557;a_unknown;a_unknown;Oilvae;Mediterranean;Europe;Italy;Elba;Pomonte;a_unknown;42.7434;10.1194;2016;November;seagrass;a_unknown;a_unknown;a_unknown;sand;a_unknown;a_unknown;-0.3;Cologne
3557_CP;a_unknown;Gutless_oligochaete_Med_2017_0809(1248);3557_CP;3557;a_unknown;a_unknown;Oilvae;Mediterranean;Europe;France;CapFleuri;a_unknown;a_unknown;43.7199;7.4009;2017;June;seagrass_detritus;a_unknown;a_unknown;coarse;sand;mixed;dark;-1.5;Cologne
3557_CQ;a_unknown;Gutless_oligochaete_Med_2017_0810(1249);3557_CQ;3557;a_unknown;a_unknown;Oilvae;Mediterranean;Europe;France;CapFleuri;a_unknown;a_unknown;43.7199;7.4009;2017;June;seagrass_detritus;a_unknown;a_unknown;coarse;sand;mixed;dark;-1.5;Cologne
3557_D;a_unknown;CBC2017_0024;3557_D;3557;a_unknown;a_unknown;Ospbelize1;Atlantic;CentralAmerica;Belize;TwinCays;Fisherysbeach;a_unknown;16.82356;-88.10617;2017;April;seagrass;a_unknown;a_unknown;a_unknown;sand;a_unknown;a_unknown;-1.5;Cologne
3557_E;a_unknown;CBC2017_0052;3557_E;3557;a_unknown;a_unknown;Ospbelize1;Atlantic;CentralAmerica;Belize;TwinCays;Fisherysbeach;a_unknown;16.82356;-88.10617;2017;April;seagrass;a_unknown;a_unknown;a_unknown;sand;a_unknown;a_unknown;-1.5;Cologne
3557_F;a_unknown;CBC2017_0079;3557_F;3557;a_unknown;a_unknown;Ileukodermatus;Atlantic;CentralAmerica;Belize;TwinCays;a_unknown;a_unknown;16.831375;-88.10835;2017;April;seagrass;a_unknown;a_unknown;a_unknown;sand;a_unknown;a_unknown;-1.5;Cologne
3557_G;a_unknown;CBC2017_0096;3557_G;3557;a_unknown;a_unknown;Ileukodermatus;Atlantic;CentralAmerica;Belize;TwinCays;a_unknown;a_unknown;16.831375;-88.10835;2017;April;seagrass;a_unknown;a_unknown;a_unknown;sand;a_unknown;a_unknown;-1.5;Cologne
3557_H;a_unknown;CBC2017_0098;3557_H;3557;a_unknown;a_unknown;OlongissimusB;Atlantic;CentralAmerica;Belize;CarrieBowCaye;a_unknown;a_unknown;16.804685;-88.0823;2017;April;corals;a_unknown;a_unknown;a_unknown;sand;a_unknown;a_unknown;a_unknown;Cologne
3557_I;a_unknown;CBC2017_1784;3557_I;3557;a_unknown;a_unknown;IspNYSP;Atlantic;CentralAmerica;Belize;CurlewCay;a_unknown;a_unknown;16.790135;-88.0818;2017;April;a_unknown;a_unknown;a_unknown;a_unknown;coral_sand;a_unknown;a_unknown;-2;Cologne
3557_J;a_unknown;CBC2017_1771;3557_J;3557;a_unknown;a_unknown;IspFANT;Atlantic;CentralAmerica;Belize;CurlewCay;a_unknown;a_unknown;16.790135;-88.0818;2017;April;a_unknown;a_unknown;a_unknown;a_unknown;coral_sand;a_unknown;a_unknown;-2;Cologne
3557_M;a_unknown;CBC2017_1904;3557_M;3557;a_unknown;a_unknown;IspNYSP;Atlantic;CentralAmerica;Belize;CurlewCay;a_unknown;a_unknown;16.7904;-88.0818;2017;April;corals;a_unknown;a_unknown;a_unknown;sand;a_unknown;a_unknown;-1.5;Cologne
3557_N;a_unknown;CBC2017_2003;3557_N;3557;a_unknown;a_unknown;Ileukodermatus;Atlantic;CentralAmerica;Belize;CarrieBowCaye;a_unknown;a_unknown;16.8254;-88.08;2017;April;seagrass;a_unknown;a_unknown;a_unknown;sand;a_unknown;a_unknown;-2;Cologne
3557_O;a_unknown;CBC2017_2009;3557_O;3557;a_unknown;a_unknown;IspNYSP;Atlantic;CentralAmerica;Belize;CarrieBowCaye;a_unknown;a_unknown;16.8254;-88.08;2017;April;seagrass;a_unknown;a_unknown;a_unknown;sand;a_unknown;a_unknown;-2;Cologne
3557_P;a_unknown;CBC2017_2007;3557_P;3557;a_unknown;a_unknown;IspNYSP;Atlantic;CentralAmerica;Belize;CarrieBowCaye;a_unknown;a_unknown;16.8254;-88.08;2017;April;seagrass;a_unknown;a_unknown;a_unknown;sand;a_unknown;a_unknown;-2;Cologne
3557_Q;a_unknown;CBC2017_2017;3557_Q;3557;a_unknown;a_unknown;Iaduncosetis;Atlantic;CentralAmerica;Belize;CarrieBowCaye;a_unknown;a_unknown;16.8254;-88.08;2017;April;seagrass;a_unknown;a_unknown;a_unknown;sand;a_unknown;a_unknown;-2;Cologne
3557_S;a_unknown;CBC2017_1321;3557_S;3557;a_unknown;a_unknown;Otantulus;Atlantic;CentralAmerica;Belize;CarrieBowCaye;a_unknown;a_unknown;16.8025;-88.0822;2017;April;seagrass;a_unknown;a_unknown;a_unknown;sand;a_unknown;a_unknown;a_unknown;Cologne
3557_T;a_unknown;CBC2017_1336;3557_T;3557;a_unknown;a_unknown;Otantulus;Atlantic;CentralAmerica;Belize;CarrieBowCaye;a_unknown;a_unknown;16.8025;-88.0822;2017;April;seagrass;a_unknown;a_unknown;a_unknown;sand;a_unknown;a_unknown;a_unknown;Cologne
3557_U;a_unknown;CBC2017_1325;3557_U;3557;a_unknown;a_unknown;Otantulus;Atlantic;CentralAmerica;Belize;CarrieBowCaye;a_unknown;a_unknown;16.8025;-88.0822;2017;April;seagrass;a_unknown;a_unknown;a_unknown;sand;a_unknown;a_unknown;a_unknown;Cologne
3557_V;a_unknown;CBC2017_1366;3557_V;3557;a_unknown;a_unknown;Ileukodermatus;Atlantic;CentralAmerica;Belize;CarrieBowCaye;a_unknown;a_unknown;16.8025;-88.0822;2017;April;seagrass;a_unknown;a_unknown;a_unknown;sand;a_unknown;a_unknown;a_unknown;Cologne
3557_W;a_unknown;CBC2017_1310;3557_W;3557;a_unknown;a_unknown;Otantulus;Atlantic;CentralAmerica;Belize;TwinCays;Fisherysbeach;a_unknown;16.8236;-88.1061;2017;April;seagrass;a_unknown;a_unknown;a_unknown;sand;a_unknown;a_unknown;-1.5;Cologne
3557_X;a_unknown;CBC2017_1442;3557_X;3557;a_unknown;a_unknown;Ileukodermatus;Atlantic;CentralAmerica;Belize;CurlewCay;a_unknown;a_unknown;16.790105;-88.08201;2017;April;corals;a_unknown;a_unknown;a_unknown;sand;a_unknown;a_unknown;-2;Cologne
3557_Y;a_unknown;CBC2017_1485;3557_Y;3557;a_unknown;a_unknown;Ileukodermatus;Atlantic;CentralAmerica;Belize;CurlewCay;a_unknown;a_unknown;16.790105;-88.08201;2017;April;corals;a_unknown;a_unknown;a_unknown;sand;a_unknown;a_unknown;-2;Cologne
3557_Z;a_unknown;CBC2017_1453;3557_Z;3557;a_unknown;a_unknown;IspFANT;Atlantic;CentralAmerica;Belize;CurlewCay;a_unknown;a_unknown;16.790105;-88.08201;2017;April;corals;a_unknown;a_unknown;a_unknown;sand;a_unknown;a_unknown;-2;Cologne
3585_CK_4019_A;a_unknown;CE18035;3585_CK;3585;4019_A;4019;Ileukodermatus;Atlantic;CentralAmerica;Belize;CarrieBowCaye;a_unknown;a_unknown;16.8024;-88.0821;2013;April;seagrass_detritus;a_unknown;subtidal;medium;sand;heterogeneous;a_unknown;-0.7;Cologne
3585_CL_4019_B;a_unknown;CE18040;3585_CL;3585;4019_B;4019;Ileukodermatus;Atlantic;CentralAmerica;Belize;CarrieBowCaye;a_unknown;a_unknown;16.8024;-88.0821;2013;April;seagrass_detritus;a_unknown;subtidal;medium;sand;heterogeneous;a_unknown;-0.7;Cologne
3585_CM_4019_C;a_unknown;CE18056;3585_CM;3585;4019_C;4019;IspNYSP;Atlantic;CentralAmerica;Belize;CarrieBowCaye;a_unknown;a_unknown;16.8033;-88.0818;2013;April;a_unknown;a_unknown;subtidal;medium;sand;heterogeneous;a_unknown;-1;Cologne
3585_CN_4019_D;a_unknown;CE18057;3585_CN;3585;4019_D;4019;IspNYSP;Atlantic;CentralAmerica;Belize;CarrieBowCaye;a_unknown;a_unknown;16.8033;-88.0818;2013;April;a_unknown;a_unknown;subtidal;medium;sand;heterogeneous;a_unknown;-1;Cologne
3585_CO_4019_E;a_unknown;CE18058;3585_CO;3585;4019_E;4019;IspNYSP;Atlantic;CentralAmerica;Belize;CarrieBowCaye;a_unknown;a_unknown;16.8033;-88.0818;2013;April;a_unknown;a_unknown;subtidal;medium;sand;heterogeneous;a_unknown;-1;Cologne
3585_CP_4019_F;a_unknown;CE18059;3585_CP;3585;4019_F;4019;IspNYSP;Atlantic;CentralAmerica;Belize;CarrieBowCaye;a_unknown;a_unknown;16.8033;-88.0818;2013;April;a_unknown;a_unknown;subtidal;medium;sand;heterogeneous;a_unknown;-1;Cologne
3585_CQ_4019_G;a_unknown;CE18065;3585_CQ;3585;4019_G;4019;OlongissimusB;Atlantic;CentralAmerica;Belize;CarrieBowCaye;a_unknown;a_unknown;16.8031;-88.0821;2013;April;seagrass;a_unknown;subtidal;fine;sand;heterogeneous;a_unknown;-0.5;Cologne
3586_CC_4019_H;a_unknown;CE28003;3586_CC;3585;4019_H;4019;IdutchaeA;Pacific;NorthAmerica;Hawaii;Oahu;Honolulu;KahealaAvenue;21.2608;-157.7867;2016;September;a_unknown;sulfidic;subtidal;fine_coarse;sand;a_unknown;a_unknown;-6;Cologne
3586_CD_4019_I;a_unknown;CE28004;3586_CD;3586;4019_I;4019;IdutchaeA;Pacific;NorthAmerica;Hawaii;Oahu;Honolulu;KahealaAvenue;21.2608;-157.7867;2016;September;a_unknown;sulfidic;subtidal;fine_coarse;sand;a_unknown;a_unknown;-6;Cologne
3586_CE_4019_J;a_unknown;CE28005;3586_CE;3586;4019_J;4019;IdutchaeA;Pacific;NorthAmerica;Hawaii;Oahu;Honolulu;KahealaAvenue;21.2608;-157.7867;2016;September;a_unknown;sulfidic;subtidal;fine_coarse;sand;a_unknown;a_unknown;-6;Cologne
3586_CF_4019_K;a_unknown;CE28006;3586_CF;3586;4019_K;4019;IdutchaeA;Pacific;NorthAmerica;Hawaii;Oahu;Honolulu;KahealaAvenue;21.2608;-157.7867;2016;September;a_unknown;sulfidic;subtidal;fine_coarse;sand;a_unknown;a_unknown;-6;Cologne
3586_CG_4019_L;a_unknown;CE28007;3586_CG;3586;4019_L;4019;IdutchaeA;Pacific;NorthAmerica;Hawaii;Oahu;Honolulu;KahealaAvenue;21.2608;-157.7867;2016;September;a_unknown;sulfidic;subtidal;fine_coarse;sand;a_unknown;a_unknown;-4;Cologne
3586_CH_4019_M;a_unknown;CE28008;3586_CH;3586;4019_M;4019;IdutchaeA;Pacific;NorthAmerica;Hawaii;Oahu;Honolulu;KahealaAvenue;21.2608;-157.7867;2016;September;a_unknown;sulfidic;subtidal;fine_coarse;sand;a_unknown;a_unknown;a_unknown;Cologne
3586_CI_4019_N;a_unknown;CE28013;3586_CI;3586;4019_N;4019;IdutchaeB;Pacific;NorthAmerica;Hawaii;Oahu;Honolulu;KahealaAvenue;21.2608;-157.7867;2016;September;a_unknown;sulfidic;subtidal;a_unknown;sand;a_unknown;a_unknown;a_unknown;Cologne
3630_C;a_unknown;OKI-17-423;3630_C;3630;a_unknown;a_unknown;Ospokinawa1;Pacific;Asia;Japan;Okinawa;Tancha;a_unknown;26.4676;127.824;2017;November;seagrass_corals;a_unknown;a_unknown;coarse;sand;a_unknown;a_unknown;-0.7;Cologne
3630_D;a_unknown;OKI-17-326;3630_D;3630;a_unknown;a_unknown;Ospokinawa2;Pacific;Asia;Japan;Okinawa;Tancha;a_unknown;26.4687;127.8238;2017;November;seagrass_corals;a_unknown;a_unknown;coarse;sand;a_unknown;a_unknown;-0.7;Cologne
3630_E;a_unknown;OKI-17-482;3630_E;3630;a_unknown;a_unknown;Ospokinawa2;Pacific;Asia;Japan;Okinawa;Yakata;a_unknown;26.4926;127.8421;2017;November;seagrass_corals;a_unknown;a_unknown;a_unknown;a_unknown;a_unknown;a_unknown;-2;Cologne
3630_F;a_unknown;OKI-17-433;3630_F;3630;a_unknown;a_unknown;Ospokinawa2;Pacific;Asia;Japan;Okinawa;Yakata;a_unknown;26.4924;127.8416;2017;November;seagrass_corals;a_unknown;a_unknown;a_unknown;a_unknown;a_unknown;a_unknown;-0.5;Cologne
3630_G;a_unknown;OKI-17-153;3630_G;3630;a_unknown;a_unknown;Ospokinawa1;Pacific;Asia;Japan;Okinawa;Yakata;a_unknown;26.4935;127.8402;2017;November;seagrass_corals;a_unknown;a_unknown;a_unknown;a_unknown;a_unknown;a_unknown;-0.7;Cologne
3630_H;a_unknown;GUA-1;3630_H;3630;a_unknown;a_unknown;Ispguadeloupe1;Atlantic;CentralAmerica;Guadeloupe;IletCohon;a_unknown;a_unknown;16.215238;-61.53657;a_unknown;a_unknown;seagrass;a_unknown;a_unknown;a_unknown;a_unknown;a_unknown;a_unknown;a_unknown;Cologne
3630_I;a_unknown;GUA-2;3630_I;3630;a_unknown;a_unknown;Ispguadeloupe1;Atlantic;CentralAmerica;Guadeloupe;IletCohon;a_unknown;a_unknown;16.215238;-61.53657;a_unknown;a_unknown;seagrass;a_unknown;a_unknown;a_unknown;a_unknown;a_unknown;a_unknown;a_unknown;Cologne
3630_J;a_unknown;GUA-3;3630_J;3630;a_unknown;a_unknown;Ispguadeloupe1;Atlantic;CentralAmerica;Guadeloupe;IletCohon;a_unknown;a_unknown;16.215238;-61.53657;a_unknown;a_unknown;seagrass;a_unknown;a_unknown;a_unknown;a_unknown;a_unknown;a_unknown;a_unknown;Cologne
3630_K;a_unknown;GUA-4;3630_K;3630;a_unknown;a_unknown;Ispguadeloupe1;Atlantic;CentralAmerica;Guadeloupe;IletCohon;a_unknown;a_unknown;16.215238;-61.53657;a_unknown;a_unknown;seagrass;a_unknown;a_unknown;a_unknown;a_unknown;a_unknown;a_unknown;a_unknown;Cologne
3630_L;a_unknown;GUA-5;3630_L;3630;a_unknown;a_unknown;Ispguadeloupe1;Atlantic;CentralAmerica;Guadeloupe;IletCohon;a_unknown;a_unknown;16.215238;-61.53657;a_unknown;a_unknown;seagrass;a_unknown;a_unknown;a_unknown;a_unknown;a_unknown;a_unknown;a_unknown;Cologne
3630_M;a_unknown;GUA-6;3630_M;3630;a_unknown;a_unknown;Ispguadeloupe1;Atlantic;CentralAmerica;Guadeloupe;IletCohon;a_unknown;a_unknown;16.215238;-61.53657;a_unknown;a_unknown;seagrass;a_unknown;a_unknown;a_unknown;a_unknown;a_unknown;a_unknown;a_unknown;Cologne
3630_N;a_unknown;GUA-7;3630_N;3630;a_unknown;a_unknown;Ispguadeloupe1;Atlantic;CentralAmerica;Guadeloupe;IletCohon;a_unknown;a_unknown;16.215238;-61.53657;a_unknown;a_unknown;seagrass;a_unknown;a_unknown;a_unknown;a_unknown;a_unknown;a_unknown;a_unknown;Cologne
3630_O;a_unknown;GUA-8;3630_O;3630;a_unknown;a_unknown;Ispguadeloupe1;Atlantic;CentralAmerica;Guadeloupe;IletCohon;a_unknown;a_unknown;16.215238;-61.53657;a_unknown;a_unknown;seagrass;a_unknown;a_unknown;a_unknown;a_unknown;a_unknown;a_unknown;a_unknown;Cologne
3854_4020_A;a_unknown;GO-NC18-MK293;3854_A;3854;4020_A;4020;Ospnorthcarolina1;Atlantic;NorthAmerica;NorthCarolina;a_unknown;a_unknown;a_unknown;34.45694444;-76.81638889;2018;June;a_unknown;sulfidic;a_unknown;fine;mud_sand;mixed;shipwreck;-35;Cologne
3854_4020_C;a_unknown;GO-NC18-MK298;3854_C;3854;4020_C;4020;Ospnorthcarolina1;Atlantic;NorthAmerica;NorthCarolina;a_unknown;a_unknown;a_unknown;34.45694444;-76.81638889;2018;June;a_unknown;sulfidic;a_unknown;fine;mud_sand;mixed;shipwreck;-35;Cologne
3854_4020_D;a_unknown;GO-NC18-MK299;3854_D;3854;4020_D;4020;Ospnorthcarolina1;Atlantic;NorthAmerica;NorthCarolina;a_unknown;a_unknown;a_unknown;34.45694444;-76.81638889;2018;June;a_unknown;sulfidic;a_unknown;fine;mud_sand;mixed;shipwreck;-35;Cologne
3854_4020_E;a_unknown;GO-NC18-MK300;3854_E;3854;4020_E;4020;Ospnorthcarolina1;Atlantic;NorthAmerica;NorthCarolina;a_unknown;a_unknown;a_unknown;34.45694444;-76.81638889;2018;June;a_unknown;sulfidic;a_unknown;fine;mud_sand;mixed;shipwreck;-35;Cologne
4148_4289_AA;3584_AS;CE900;4148_AA;4148;4289_AA;4289;Ocrassitunicatus;Pacific;SouthAmerica;Peru;a_unknown;a_unknown;a_unknown;-12.7322;-77.1327;2000;June;a_unknown;a_unknown;a_unknown;a_unknown;mud;a_unknown;a_unknown;-3;Cologne
4148_4289_AD;3584_AY;CE1315;4148_AD;4148;4289_AD;4289;Iwasseri;Pacific;Australia;Queensland;LizardIsland;PalfreyIsand;a_unknown;-14.69;145.4517;2006;February;a_unknown;a_unknown;subtidal;fine;sand;heterogeneous;a_unknown;-3;Cologne
4148_4289_AI;3584_BQ;CE1634;4148_AI;4148;4289_AI;4289;Ofilithecatus;Pacific;Australia;Queensland;LizardIsland;HorseshoeReef;a_unknown;-14.6867;145.4433;2006;February;a_unknown;a_unknown;subtidal;a_unknown;sand;heterogeneous;a_unknown;-3.5;Cologne
4148_4289_AJ;3584_BR;CE1635;4148_AJ;4148;4289_AJ;4289;Ofilithecatus;Pacific;Australia;Queensland;LizardIsland;HorseshoeReef;a_unknown;-14.6867;145.4433;2006;February;a_unknown;a_unknown;subtidal;a_unknown;sand;heterogeneous;a_unknown;-3.5;Cologne
4148_4289_AM;3584_CF;CE11594;4148_AM;4148;4289_AM;4289;OspCAPE;Atlantic;NorthAmerica;NorthCarolina;CapeHatteras;a_unknown;a_unknown;34.2939;-75.7682;2011;May;a_unknown;a_unknown;a_unknown;a_unknown;mud;a_unknown;a_unknown;a_unknown;Cologne
4148_4289_AO;3584_CH;CE11612;4148_AO;4148;4289_AO;4289;OspCAPE;Atlantic;NorthAmerica;NorthCarolina;CapeHatteras;a_unknown;a_unknown;34.2939;-75.7682;2011;May;a_unknown;a_unknown;a_unknown;a_unknown;mud;a_unknown;a_unknown;a_unknown;Cologne
4148_4289_AS;3584_CL;CE14029;4148_AS;4148;4289_AS;4289;OspFALSE;Atlantic;Africa;SouthAfrica;CapeTown;FalseBay;GlencairnHeights;-34.1581;26.4337;2011;December;a_unknown;mainly_oxidized;intertidal;a_unknown;sand;heterogeneous;rock_crevice;a_unknown;Cologne
4148_4289_AU;3584_CN;CE14244;4148_AU;4148;4289_AU;4289;Ospcanary1;Atlantic;Europa;Canaries;Lanzarote;a_unknown;a_unknown;44.102;-13.7;2011;October;a_unknown;a_unknown;subtidal;a_unknown;a_unknown;a_unknown;a_unknown;a_unknown;Cologne
4148_4289_AV;3584_CO;CE14514;4148_AV;4148;4289_AV;4289;OspTT;Pacific;Australia;Queensland;LizardIsland;PalfreyIsand;a_unknown;-14.684;145.449;2012;April;a_unknown;a_unknown;subtidal;fine_medium;sand;a_unknown;a_unknown;-1.5;Cologne
4148_4289_AZ;3585_E;CE14539;4148_AZ;4148;4289_AZ;4289;Onravisceralis;Pacific;Australia;Queensland;LizardIsland;CornerBeach;a_unknown;-14.6712;145.4424;2012;April;corals;a_unknown;subtidal;a_unknown;sand;a_unknown;a_unknown;-1.2;Cologne
4148_4289_B;3584_B;CE2;4148_B;4148;4289_B;4289;Oprodigus;Indian;Australia;WesternAustralia;RottnestIsland;SalmonBay;a_unknown;-32.0155;115.513;1991;January;a_unknown;a_unknown;subtidal;coarse;sand;a_unknown;a_unknown;-1;Cologne
4148_4289_BA;3585_M;CE17168;4148_BA;4148;4289_BA;4289;Onrloisae;Pacific;Australia;Queensland;HeronIsland;HeronReef;a_unknown;-23.4349;151.945;2012;September;a_unknown;a_unknown;subtidal;fine;sand;a_unknown;a_unknown;-7;Cologne
4148_4289_BB;3585_O;CE17175;4148_BB;4148;4289_BB;4289;Ospheron5;Pacific;Australia;Queensland;HeronIsland;HeronReef;a_unknown;-23.4349;151.945;2012;September;a_unknown;a_unknown;subtidal;fine;sand;a_unknown;a_unknown;-7;Cologne
4148_4289_BC;3585_Q;CE17182;4148_BC;4148;4289_BC;4289;OspOTHER;Pacific;Australia;Queensland;HeronIsland;HeronReef;a_unknown;-23.4349;151.945;2012;September;a_unknown;a_unknown;subtidal;fine;sand;a_unknown;a_unknown;-7;Cologne
4148_4289_BD;3585_S;CE17184;4148_BD;4148;4289_BD;4289;Onrloisae;Pacific;Australia;Queensland;HeronIsland;HeronReef;a_unknown;-23.4349;151.945;2012;September;a_unknown;a_unknown;subtidal;fine;sand;a_unknown;a_unknown;-7;Cologne
4148_4289_BF;3585_W;CE17198;4148_BF;4148;4289_BF;4289;OspOTHER;Pacific;Australia;Queensland;HeronIsland;HeronReef;a_unknown;-23.4349;151.945;2012;September;algal_crust;a_unknown;subtidal;fine_medium;sand;heterogeneous;a_unknown;-7;Cologne
4148_4289_BG;3585_X;CE17201;4148_BG;4148;4289_BG;4289;Iwasseri;Pacific;Australia;Queensland;HeronIsland;HeronReef;a_unknown;-23.4349;151.945;2012;September;algal_crust;a_unknown;subtidal;fine_medium;sand;heterogeneous;a_unknown;-7;Cologne
4148_4289_BH;3585_AF;CE17432;4148_BH;4148;4289_BH;4289;Imojicae;Atlantic;CentralAmerica;Bahamas;DarbyIsland_LittleDarbyIsland;a_unknown;a_unknown;23.856;-76.2248;2013;April;a_unknown;a_unknown;subtidal;coarse;sand;a_unknown;a_unknown;-6;Cologne
4148_4289_BJ;3585_AH;CE17440;4148_BJ;4148;4289_BJ;4289;OspLEES;Atlantic;CentralAmerica;Bahamas;DarbyIsland_LittleDarbyIsland;a_unknown;a_unknown;23.856;-76.2248;2013;April;a_unknown;a_unknown;subtidal;coarse;sand;a_unknown;a_unknown;-6;Cologne
4148_4289_BK;3585_AI;CE17441;4148_BK;4148;4289_BK;4289;OspLEES;Atlantic;CentralAmerica;Bahamas;DarbyIsland_LittleDarbyIsland;a_unknown;a_unknown;23.856;-76.2248;2013;April;a_unknown;a_unknown;subtidal;coarse;sand;a_unknown;a_unknown;-6;Cologne
4148_4289_BL;3585_AJ;CE17442;4148_BL;4148;4289_BL;4289;OspDARISL;Atlantic;CentralAmerica;Bahamas;DarbyIsland_LittleDarbyIsland;a_unknown;a_unknown;23.856;-76.2248;2013;April;a_unknown;a_unknown;subtidal;coarse;sand;a_unknown;a_unknown;-6;Cologne
4148_4289_BO;3585_AW;CE17538;4148_BO;4148;4289_BO;4289;Iexumae;Atlantic;CentralAmerica;Bahamas;BrigantineCays;NewCay;a_unknown;23.7287;-76.1741;2013;April;a_unknown;a_unknown;intertidal;fine;sand;a_unknown;a_unknown;a_unknown;Cologne
4148_4289_BS;3585_BA;CE17572;4148_BS;4148;4289_BS;4289;OspLEES;Atlantic;CentralAmerica;Bahamas;DarbyIsland_LittleDarbyIsland;a_unknown;a_unknown;23.856;-76.2248;2013;April;a_unknown;a_unknown;subtidal;coarse;sand;a_unknown;a_unknown;-6;Cologne
4148_4289_BT;3585_BB;CE17573;4148_BT;4148;4289_BT;4289;OspLEES;Atlantic;CentralAmerica;Bahamas;DarbyIsland_LittleDarbyIsland;a_unknown;a_unknown;23.856;-76.2248;2013;April;a_unknown;a_unknown;subtidal;coarse;sand;a_unknown;a_unknown;-6;Cologne
4148_4289_BU;3585_BC;CE17574;4148_BU;4148;4289_BU;4289;OspLEES;Atlantic;CentralAmerica;Bahamas;DarbyIsland_LittleDarbyIsland;a_unknown;a_unknown;23.856;-76.2248;2013;April;a_unknown;a_unknown;subtidal;coarse;sand;a_unknown;a_unknown;-6;Cologne
4148_4289_BV;3585_BD;CE17575;4148_BV;4148;4289_BV;4289;OspWHICH;Atlantic;CentralAmerica;Bahamas;DarbyIsland_LittleDarbyIsland;a_unknown;a_unknown;23.856;-76.2248;2013;April;a_unknown;a_unknown;subtidal;coarse;sand;a_unknown;a_unknown;-6;Cologne
4148_4289_BX;3585_BF;CE17594;4148_BX;4148;4289_BX;4289;OspFILI;Atlantic;CentralAmerica;Bahamas;LittleDarbyIsland;StromatoliteBeach;a_unknown;23.8573;-76.2169;2013;April;seagrass;a_unknown;subtidal;fine;sand;a_unknown;a_unknown;-3;Cologne
4148_4289_BY;3585_BG;CE17595;4148_BY;4148;4289_BY;4289;OspFILI;Atlantic;CentralAmerica;Bahamas;LittleDarbyIsland;StromatoliteBeach;a_unknown;23.8573;-76.2169;2013;April;seagrass;a_unknown;subtidal;fine;sand;a_unknown;a_unknown;-3;Cologne
4148_4289_BZ;3585_BH;CE17596;4148_BZ;4148;4289_BZ;4289;Ospbahamas1;Atlantic;CentralAmerica;Bahamas;LittleDarbyIsland;StromatoliteBeach;a_unknown;23.8573;-76.2169;2013;April;seagrass;a_unknown;subtidal;fine;sand;a_unknown;a_unknown;-3;Cologne
4148_4289_CD;3585_BM;CE17612;4148_CD;4148;4289_CD;4289;OspFILI;Atlantic;CentralAmerica;Bahamas;LittleDarbyIsland;StromatoliteBeach;a_unknown;23.8582;-76.2177;2013;April;seagrass;a_unknown;subtidal;medium_coarse;sand;a_unknown;a_unknown;-7;Cologne
4148_4289_CE;3585_BN;CE17613;4148_CE;4148;4289_CE;4289;OspFILI;Atlantic;CentralAmerica;Bahamas;LittleDarbyIsland;StromatoliteBeach;a_unknown;23.8582;-76.2177;2013;April;seagrass;a_unknown;subtidal;medium_coarse;sand;a_unknown;a_unknown;-7;Cologne
4148_4289_CF;3585_BP;CE17618;4148_CF;4148;4289_CF;4289;OspHEAD;Atlantic;CentralAmerica;Bahamas;LittleDarbyIsland;StromatoliteBeach;a_unknown;23.8565;-76.2158;2013;April;a_unknown;a_unknown;subtidal;medium_coarse;sand;a_unknown;a_unknown;-3;Cologne
4148_4289_CH;3585_BS;CE17645;4148_CH;4148;4289_CH;4289;Ofinitimus;Atlantic;CentralAmerica;Bahamas;LittleDarbyIsland;a_unknown;a_unknown;23.8561;-76.2254;2013;April;seagrass_detritus;a_unknown;subtidal;coarse;sand;a_unknown;a_unknown;-1;Cologne
4148_4289_CI;3585_BT;CE17646;4148_CI;4148;4289_CI;4289;Imojicae;Atlantic;CentralAmerica;Bahamas;NormansPondKey;NormansPond;a_unknown;23.7683;-76.1309;2013;April;seagrass_detritus;a_unknown;barely_subtidal;a_unknown;sand;heterogeneous;sand_bank;-0.2;Cologne
4148_4289_CM;3586_AK;CE18182;4148_CM;4148;4289_CM;4289;Ireginae;Atlantic;CentralAmerica;Belize;CarrieBowCaye;a_unknown;a_unknown;16.7589;-88.1127;2013;April;a_unknown;a_unknown;subtidal;fine;sand;heterogeneous;a_unknown;-3.5;Cologne
4148_4289_CN;3586_BN;CE18271;4148_CN;4148;4289_CN;4289;Ozimmermannae;Atlantic;CentralAmerica;Belize;CarrieBowCaye;a_unknown;a_unknown;16.8032;-88.0821;2013;April;seagrass;a_unknown;subtidal;fine;sand;heterogeneous;a_unknown;-0.5;Cologne
4148_4289_CO;3586_BX;CE18361;4148_CO;4148;4289_CO;4289;Ozimmermannae;Atlantic;CentralAmerica;Belize;CarrieBowCaye;a_unknown;a_unknown;16.8031;-88.0821;2013;April;seagrass;a_unknown;subtidal;fine;sand;heterogeneous;a_unknown;-0.5;Cologne
4148_4289_D;3584_J;CE75;4148_D;4148;4289_D;4289;Ofurinus;Atlantic;CentralAmerica;Bahamas;LeeStockingIsland;a_unknown;CarribeanMarineResearchCenter;23.772;-76.1;1999;April;a_unknown;a_unknown;subtidal;fine;sand;a_unknown;a_unknown;-7;Cologne
4148_4289_E;3584_O;CE85;4148_E;4148;4289_E;4289;Oullae;Atlantic;CentralAmerica;Bahamas;NormansPondKey;NormansPond;a_unknown;23.7683;-76.13;1998;March;a_unknown;a_unknown;intertidal;coarse;sand;a_unknown;a_unknown;-7;Cologne
4148_4289_F;3584_R;CE98;4148_F;4148;4289_F;4289;Onivalis;Pacific;Asia;NewCaledonia;Touho;NGrandRécifMengalia;a_unknown;-20.7517;165.2667;1993;September;a_unknown;a_unknown;intertidal;coarse;sand;a_unknown;greyish;-1;Cologne
4148_4289_H;3584_W;CE237;4148_H;4148;4289_H;4289;Osp66;Pacific;Asia;NewCaledonia;LoyaltyIsland;LifouBaieduSantal;a_unknown;-20.9183;167.1283;2000;November;a_unknown;a_unknown;subtidal;a_unknown;sand;a_unknown;a_unknown;-10;Cologne
4148_4289_N;3584_AA;CE301;4148_N;4148;4289_N;4289;Ocrassitunicatus;Pacific;SouthAmerica;Peru;a_unknown;a_unknown;ContinentalMargin;-12.7322;-77.1327;2000;June;a_unknown;a_unknown;a_unknown;a_unknown;mud;a_unknown;a_unknown;a_unknown;Cologne
4148_4289_O;3584_AB;CE327;4148_O;4148;4289_O;4289;OspLEES;Atlantic;CentralAmerica;Bahamas;NormansPondKey;Waterfall;a_unknown;23.7679;-76.1317;2002;April;a_unknown;a_unknown;barely_subtidal;coarse;sand;a_unknown;a_unknown;a_unknown;Cologne
4148_4289_P;3584_AC;CE332;4148_P;4148;4289_P;4289;Ofinitimus;Atlantic;CentralAmerica;Bahamas;NormansPondKey;Bay1;a_unknown;23.7617;-76.1236;2002;April;a_unknown;a_unknown;barely_subtidal;fine;sand;a_unknown;a_unknown;-7;Cologne
4148_4289_Q;3584_AD;CE334;4148_Q;4148;4289_Q;4289;Onralgarvensis;Atlantic;CentralAmerica;Bahamas;NormansPondKey;Bay1;a_unknown;23.762;-76.1227;2002;April;a_unknown;a_unknown;barely_subtidal;a_unknown;sand;heterogeneous;a_unknown;-6;Cologne
4148_4289_T;3584_AG;CE342;4148_T;4148;4289_T;4289;Onrtenuissimus;Atlantic;CentralAmerica;Bahamas;NormansPondKey;PatchReef;a_unknown;23.7897;-76.1388;2002;April;a_unknown;a_unknown;subtidal;fine;sand;a_unknown;a_unknown;-6;Cologne
4148_4289_U;3584_AH;CE343;4148_U;4148;4289_U;4289;Osp11;Atlantic;CentralAmerica;Bahamas;LeeStockingIsland;CoconutBeach;a_unknown;23.7665;-76.0974;2002;April;seagrass;a_unknown;barely_subtidal;a_unknown;sand;heterogeneous;a_unknown;-6;Cologne
4148_4289_V;3584_AL;CE362;4148_V;4148;4289_V;4289;Osp11;Atlantic;CentralAmerica;Bahamas;LeeStockingIsland;CoconutBeach;a_unknown;23.7665;-76.0974;2002;April;seagrass;a_unknown;barely_subtidal;a_unknown;sand;heterogeneous;a_unknown;-3;Cologne
4148_4289_W;3584_AO;CE381;4148_W;4148;4289_W;4289;Otenuissimus;Atlantic;CentralAmerica;Bahamas;LeeStockingIsland;a_unknown;a_unknown;23.773;-76.105;2002;April;a_unknown;a_unknown;subtidal;a_unknown;sand;a_unknown;a_unknown;-3;Cologne
4148_4289_X;3584_AP;CE384;4148_X;4148;4289_X;4289;Ofinitimus;Atlantic;CentralAmerica;Bahamas;LeeStockingIsland;a_unknown;a_unknown;23.773;-76.105;2002;April;a_unknown;a_unknown;subtidal;a_unknown;sand;a_unknown;a_unknown;-3;Cologne
4148_4289_Y;3584_AQ;CE398;4148_Y;4148;4289_Y;4289;Oprodigus;Indian;Australia;WesternAustralia;RottnestIsland;SalmonBay;a_unknown;-32.0155;115.513;1991;January;a_unknown;a_unknown;subtidal;coarse;sand;a_unknown;a_unknown;-4;Cologne
IexuBAH1;a_unknown;66495;1045171;CSP;a_unknown;a_unknown;Iexumae;Atlantic;CentralAmerica;Bahamas;a_unknown;a_unknown;a_unknown;23.774533;-76.09835;2013;April;corals;a_unknown;a_unknown;a_unknown;sand;a_unknown;beach_side;-2.5;JGI
IexuBAH2;a_unknown;66496;1045174;CSP;a_unknown;a_unknown;Iexumae;Atlantic;CentralAmerica;Bahamas;a_unknown;a_unknown;a_unknown;23.774533;-76.09835;2013;April;corals;a_unknown;a_unknown;a_unknown;sand;a_unknown;beach_side;-2.5;JGI
IexuBAH3;a_unknown;66497;1045177;CSP;a_unknown;a_unknown;Iexumae;Atlantic;CentralAmerica;Bahamas;a_unknown;a_unknown;a_unknown;23.774533;-76.09835;2013;April;corals;a_unknown;a_unknown;a_unknown;sand;a_unknown;beach_side;-2.5;JGI
Ileu1BER1;a_unknown;69954;1049220;CSP;a_unknown;a_unknown;Ileukodermatus;Atlantic;CentralAmerica;Bermuda;a_unknown;a_unknown;a_unknown;32.324033;-64.73855;2009;November;detritus;sulfidic;a_unknown;a_unknown;a_unknown;a_unknown;a_unknown;-1;JGI
Ileu1BER2;a_unknown;69955;1049223;CSP;a_unknown;a_unknown;Ileukodermatus;Atlantic;CentralAmerica;Bermuda;a_unknown;a_unknown;a_unknown;32.324033;-64.73855;2009;November;detritus;sulfidic;a_unknown;a_unknown;a_unknown;a_unknown;a_unknown;-1;JGI
ImakBAH1;a_unknown;66503;1045195;CSP;a_unknown;a_unknown;Imakropetalos;Atlantic;CentralAmerica;Bahamas;a_unknown;a_unknown;a_unknown;23.774533;-76.09835;2013;April;corals;a_unknown;a_unknown;a_unknown;sand;a_unknown;beach_side;-2.5;JGI
ImakBAH2;a_unknown;66504;1045198;CSP;a_unknown;a_unknown;Imakropetalos;Atlantic;CentralAmerica;Bahamas;a_unknown;a_unknown;a_unknown;23.774533;-76.09835;2013;April;seagrass;a_unknown;a_unknown;fine;sand;a_unknown;a_unknown;-4;JGI
ImanLIZ1;a_unknown;69972;1049274;CSP;a_unknown;a_unknown;Imanae;Pacific;Australia;Queensland;LizardIsland;a_unknown;a_unknown;-14.69;145.451667;2006;February;a_unknown;a_unknown;a_unknown;fine;sand;heterogeneous;a_unknown;-3;JGI
Isp1OAH13;a_unknown;114142;1107272;CSP;a_unknown;a_unknown;IdutchaeA;Pacific;NorthAmerica;Hawaii;Oahu;a_unknown;a_unknown;21.260833;-157.786698;2015;October;corals;a_unknown;a_unknown;a_unknown;a_unknown;a_unknown;a_unknown;-1.6;JGI
Isp1OAH14;a_unknown;114139;1107269;CSP;a_unknown;a_unknown;IdutchaeA;Pacific;NorthAmerica;Hawaii;Oahu;a_unknown;a_unknown;21.260833;-157.786698;2015;October;corals;sulfidic;a_unknown;a_unknown;a_unknown;a_unknown;a_unknown;-1.6;JGI
Isp1OAH30;a_unknown;114141;1107271;CSP;a_unknown;a_unknown;IdutchaeA;Pacific;NorthAmerica;Hawaii;Oahu;a_unknown;a_unknown;21.270441;-157.774833;2015;October;sand;sulfidic;a_unknown;a_unknown;a_unknown;a_unknown;a_unknown;-1.75;JGI
Isp1OAH67;a_unknown;114140;1107270;CSP;a_unknown;a_unknown;IdutchaeA;Pacific;NorthAmerica;Hawaii;Oahu;a_unknown;a_unknown;21.283312;-157.846999;2015;October;corals;a_unknown;a_unknown;a_unknown;a_unknown;a_unknown;a_unknown;-3;JGI
Isp1OAH70;a_unknown;114138;1107268;CSP;a_unknown;a_unknown;IdutchaeA;Pacific;NorthAmerica;Hawaii;Oahu;a_unknown;a_unknown;21.283312;-157.846999;2015;October;corals;organic;a_unknown;a_unknown;a_unknown;a_unknown;a_unknown;-3;JGI
Isp2OAH42;a_unknown;114146;1107276;CSP;a_unknown;a_unknown;IdutchaeB;Pacific;NorthAmerica;Hawaii;Oahu;a_unknown;a_unknown;21.468661;-157.818443;2015;October;sand;a_unknown;a_unknown;a_unknown;a_unknown;a_unknown;a_unknown;-8;JGI
Isp2OAH49;a_unknown;114148;1107278;CSP;a_unknown;a_unknown;IdutchaeB;Pacific;NorthAmerica;Hawaii;Oahu;a_unknown;a_unknown;21.468661;-157.818443;2015;October;corals;a_unknown;a_unknown;a_unknown;a_unknown;a_unknown;a_unknown;-1.5;JGI
Isp2OAH54;a_unknown;114147;1107277;CSP;a_unknown;a_unknown;IdutchaeB;Pacific;NorthAmerica;Hawaii;Oahu;a_unknown;a_unknown;21.468661;-157.818443;2015;October;corals;a_unknown;a_unknown;a_unknown;a_unknown;a_unknown;a_unknown;-1.5;JGI
Isp2OAH85;a_unknown;114143;1107273;CSP;a_unknown;a_unknown;IdutchaeB;Pacific;NorthAmerica;Hawaii;Oahu;a_unknown;a_unknown;21.393579;-157.715667;2015;October;corals;a_unknown;a_unknown;a_unknown;a_unknown;a_unknown;a_unknown;-1.8;JGI
Isp2OAH91;a_unknown;114144;1107274;CSP;a_unknown;a_unknown;IdutchaeB;Pacific;NorthAmerica;Hawaii;Oahu;a_unknown;a_unknown;21.393579;-157.715667;2015;October;corals;a_unknown;a_unknown;a_unknown;a_unknown;a_unknown;a_unknown;-1.8;JGI
Isp2OAH98;a_unknown;114145;1107275;CSP;a_unknown;a_unknown;IdutchaeB;Pacific;NorthAmerica;Hawaii;Oahu;a_unknown;a_unknown;21.393579;-157.715667;2015;October;corals;a_unknown;a_unknown;a_unknown;a_unknown;a_unknown;a_unknown;-1.8;JGI
ItriBAH1;a_unknown;66505;1045201;CSP;a_unknown;a_unknown;Itriangulatus;Atlantic;CentralAmerica;Bahamas;a_unknown;a_unknown;a_unknown;23.72595;-76.178733;2013;April;a_unknown;a_unknown;a_unknown;coarse;sand;a_unknown;a_unknown;-6;JGI
ItriBAH2;a_unknown;66506;1045204;CSP;a_unknown;a_unknown;Itriangulatus;Atlantic;CentralAmerica;Bahamas;a_unknown;a_unknown;a_unknown;23.72595;-76.178733;2013;April;a_unknown;a_unknown;a_unknown;coarse;sand;a_unknown;a_unknown;-6;JGI
OalbHER1;a_unknown;66498;1045180;CSP;a_unknown;a_unknown;Oalbidus;Pacific;Australia;Queensland;HeronIsland;a_unknown;a_unknown;-23.44344;151.91307;2012;August;a_unknown;a_unknown;barely_subtidal;coarse;sand;heterogeneous;off_shore;-0.5;JGI
OalbHER2;a_unknown;66499;1045183;CSP;a_unknown;a_unknown;Oalbidus;Pacific;Australia;Queensland;HeronIsland;a_unknown;a_unknown;-23.44344;151.91307;2012;August;a_unknown;a_unknown;barely_subtidal;coarse;sand;heterogeneous;off_shore;-0.5;JGI
OalgACAV1;a_unknown;69984;1049310;CSP;a_unknown;a_unknown;Oalgarvensis;Mediterranean;Europe;Italy;Elba;Cavoli;a_unknown;42.734418;10.185232;2014;May;seagrass;a_unknown;a_unknown;coarse;silicate_sand;a_unknown;a_unknown;-7;JGI
OalgACAV2;a_unknown;69985;1049313;CSP;a_unknown;a_unknown;Oalgarvensis;Mediterranean;Europe;Italy;Elba;Cavoli;a_unknown;42.734418;10.185232;2014;May;seagrass;a_unknown;a_unknown;coarse;silicate_sand;a_unknown;a_unknown;-7;JGI
OalgACAV3;a_unknown;69986;1049316;CSP;a_unknown;a_unknown;Oalgarvensis;Mediterranean;Europe;Italy;Elba;Cavoli;a_unknown;42.734418;10.185232;2014;May;seagrass;a_unknown;a_unknown;coarse;silicate_sand;a_unknown;a_unknown;-7;JGI
OalgASAN1;a_unknown;43612;1021950;CSP;a_unknown;a_unknown;Oalgarvensis;Mediterranean;Europe;Italy;Elba;SantAndrea;a_unknown;42.807222;10.141111;2013;March;seagrass;a_unknown;a_unknown;coarse;silicate_sand;a_unknown;a_unknown;-6;JGI
OalgASAN2;a_unknown;43613;1021953;CSP;a_unknown;a_unknown;Oalgarvensis;Mediterranean;Europe;Italy;Elba;SantAndrea;a_unknown;42.807222;10.141111;2013;March;seagrass;a_unknown;a_unknown;coarse;silicate_sand;a_unknown;a_unknown;-6;JGI
OalgASAN3;a_unknown;43614;1021956;CSP;a_unknown;a_unknown;Oalgarvensis;Mediterranean;Europe;Italy;Elba;SantAndrea;a_unknown;42.807222;10.141111;2013;March;seagrass;a_unknown;a_unknown;coarse;silicate_sand;a_unknown;a_unknown;-6;JGI
OalgBSAN1;a_unknown;43615;1021959;CSP;a_unknown;a_unknown;Oalgarvensis;Mediterranean;Europe;Italy;Elba;SantAndrea;a_unknown;42.807222;10.141111;2013;March;seagrass;a_unknown;a_unknown;coarse;silicate_sand;a_unknown;a_unknown;-6;JGI
OalgBSAN2;a_unknown;43616;1021962;CSP;a_unknown;a_unknown;Oalgarvensis;Mediterranean;Europe;Italy;Elba;SantAndrea;a_unknown;42.807222;10.141111;2013;March;seagrass;a_unknown;a_unknown;coarse;silicate_sand;a_unknown;a_unknown;-6;JGI
OalgBSAN3;a_unknown;43617;1021965;CSP;a_unknown;a_unknown;Oalgarvensis;Mediterranean;Europe;Italy;Elba;SantAndrea;a_unknown;42.807222;10.141111;2013;March;seagrass;a_unknown;a_unknown;coarse;silicate_sand;a_unknown;a_unknown;-6;JGI
OclaLIZ1;a_unknown;69977;1049289;CSP;a_unknown;a_unknown;Oclavatus;Pacific;Australia;Queensland;LizardIsland;a_unknown;a_unknown;-14.686667;145.443333;2006;February;a_unknown;a_unknown;a_unknown;coarse;sand;a_unknown;a_unknown;-3;JGI
OclaLIZ2;a_unknown;69978;1049292;CSP;a_unknown;a_unknown;Oclavatus;Pacific;Australia;Queensland;LizardIsland;a_unknown;a_unknown;-14.686667;145.443333;2006;February;seagrass_corals;a_unknown;a_unknown;fine;sand;heterogeneous;a_unknown;-3;JGI
OcraPER1;a_unknown;69952;1049214;CSP;a_unknown;a_unknown;Ocrassitunicatus;Pacific;SouthAmerica;Peru;a_unknown;a_unknown;a_unknown;-12.4265;-77.42;2013;January;organic_rich;a_unknown;a_unknown;a_unknown;silt;a_unknown;a_unknown;-296;JGI
OcraPER2;a_unknown;69953;1049217;CSP;a_unknown;a_unknown;Ocrassitunicatus;Pacific;SouthAmerica;Peru;a_unknown;a_unknown;a_unknown;-12.4265;-77.42;2013;January;organic_rich;a_unknown;a_unknown;a_unknown;silt;a_unknown;a_unknown;-296;JGI
OfilPIA1;a_unknown;66511;1045219;CSP;a_unknown;a_unknown;Ofilicauda;Mediterranean;Europe;Italy;Pianosa;a_unknown;a_unknown;42.574217;10.066183;2012;May;a_unknown;a_unknown;a_unknown;coarse;carbonate_sand;a_unknown;a_unknown;-6;JGI
OfilPIA2;a_unknown;66512;1045222;CSP;a_unknown;a_unknown;Ofilicauda;Mediterranean;Europe;Italy;Pianosa;a_unknown;a_unknown;42.574217;10.066183;2012;May;a_unknown;a_unknown;a_unknown;coarse;carbonate_sand;a_unknown;a_unknown;-6;JGI
OgenHER1;a_unknown;66519;1045243;CSP;a_unknown;a_unknown;Ogeniculatus;Pacific;Australia;Queensland;HeronIsland;a_unknown;a_unknown;-23.44575;151.91333;2012;August;corals_algae;sulfidic;a_unknown;fine;sand;a_unknown;a_unknown;-0.3;JGI
OgenHER2;a_unknown;66520;1045246;CSP;a_unknown;a_unknown;Ogeniculatus;Pacific;Australia;Queensland;HeronIsland;a_unknown;a_unknown;-23.44575;151.91333;2012;August;corals_algae;sulfidic;a_unknown;fine;sand;a_unknown;a_unknown;-0.3;JGI
OgenLIZ1;a_unknown;66521;1045249;CSP;a_unknown;a_unknown;Ogeniculatus;Pacific;Australia;Queensland;LizardIsland;a_unknown;a_unknown;-14.641667;145.491667;2006;February;a_unknown;a_unknown;a_unknown;fine;sand;heterogeneous;a_unknown;-10;JGI
OgenLIZ2;a_unknown;69974;1049280;CSP;a_unknown;a_unknown;Ogeniculatus;Pacific;Australia;Queensland;LizardIsland;a_unknown;a_unknown;-14.641667;145.491667;2006;February;corals;a_unknown;a_unknown;fine_medium;sand;a_unknown;patch_in_reef;-10;JGI
OilvPIA1;a_unknown;66509;1045213;CSP;a_unknown;a_unknown;Oilvae;Mediterranean;Europe;Italy;Pianosa;a_unknown;a_unknown;42.574217;10.066183;2012;May;a_unknown;a_unknown;a_unknown;coarse;carbonate_sand;a_unknown;a_unknown;-6;JGI
OilvPIA2;a_unknown;66510;1045216;CSP;a_unknown;a_unknown;Oilvae;Mediterranean;Europe;Italy;Pianosa;a_unknown;a_unknown;42.574217;10.066183;2012;May;a_unknown;a_unknown;a_unknown;coarse;carbonate_sand;a_unknown;a_unknown;-6;JGI
OilvSAN1;a_unknown;69958;1049232;CSP;a_unknown;a_unknown;Oilvae;Mediterranean;Europe;Italy;Elba;SantAndrea;a_unknown;42.80816;10.142104;2014;June;seagrass;a_unknown;a_unknown;coarse;silicate_sand;a_unknown;a_unknown;-6;JGI
OilvSAN2;a_unknown;69959;1049235;CSP;a_unknown;a_unknown;Oilvae;Mediterranean;Europe;Italy;Elba;SantAndrea;a_unknown;42.80816;10.142104;2014;June;seagrass;a_unknown;a_unknown;coarse;silicate_sand;a_unknown;a_unknown;-6;JGI
OloiHER1;a_unknown;69960;1049238;CSP;a_unknown;a_unknown;Onrloisae;Pacific;Australia;Queensland;HeronIsland;a_unknown;a_unknown;-23.4349;151.945;2012;September;corals;a_unknown;a_unknown;fine;sand;a_unknown;a_unknown;-5;JGI
OloiHER2;a_unknown;66500;1045186;CSP;a_unknown;a_unknown;Onrloisae;Pacific;Australia;Queensland;HeronIsland;a_unknown;a_unknown;-23.4349;151.945;2012;September;corals;a_unknown;a_unknown;fine;sand;a_unknown;a_unknown;-5;JGI
OloiLIZ1;a_unknown;69975;1049283;CSP;a_unknown;a_unknown;Onrloisae;Pacific;Australia;Queensland;LizardIsland;a_unknown;a_unknown;-14.648333;145.451667;2006;February;corals;a_unknown;a_unknown;fine_medium;sand;a_unknown;patch_in_reef;-3;JGI
OloiLIZ2;a_unknown;69976;1049286;CSP;a_unknown;a_unknown;Onrloisae;Pacific;Australia;Queensland;LizardIsland;a_unknown;a_unknown;-14.648333;145.451667;2006;February;a_unknown;a_unknown;a_unknown;coarse;sand;a_unknown;a_unknown;-3;JGI
Osp1DAH1;a_unknown;69961;1049241;CSP;a_unknown;a_unknown;Ospdahab1;RedSea;Africa;Egypt;Dahab;EelGarden;a_unknown;28.505376;34.521874;2009;Ocotober;corals;a_unknown;a_unknown;a_unknown;a_unknown;a_unknown;a_unknown;-6.5;JGI
Osp1DAH2;a_unknown;69962;1049244;CSP;a_unknown;a_unknown;Ospdahab1;RedSea;Africa;Egypt;Dahab;EelGarden;a_unknown;28.505376;34.521874;2009;October;corals;a_unknown;a_unknown;a_unknown;a_unknown;a_unknown;a_unknown;-6.5;JGI
Osp1HER1;a_unknown;69967;1049259;CSP;a_unknown;a_unknown;Ospheron1;Pacific;Australia;Queensland;HeronIsland;a_unknown;a_unknown;-23.4349;151.945;2012;September;corals;a_unknown;a_unknown;fne_medium;sand;heterogeneous;a_unknown;-7;JGI
Osp1OAH1;a_unknown;114149;1107279;CSP;a_unknown;a_unknown;Ospoahu1;Pacific;NorthAmerica;Hawaii;Oahu;a_unknown;a_unknown;21.468661;-157.818443;2015;October;corals;a_unknown;a_unknown;a_unknown;a_unknown;a_unknown;a_unknown;-8;JGI
Osp3HER1;a_unknown;69969;1049265;CSP;a_unknown;a_unknown;Ospheron3;Pacific;Australia;Queensland;HeronIsland;a_unknown;a_unknown;-23.4349;151.945;2012;September;corals;a_unknown;a_unknown;fine;sand;a_unknown;within_corals;-7;JGI
Osp4HER1;a_unknown;69970;1049268;CSP;a_unknown;a_unknown;Ospheron4;Pacific;Australia;Queensland;HeronIsland;a_unknown;a_unknown;-23.4349;151.945;2012;September;corals;a_unknown;a_unknown;fine;sand;a_unknown;within_corals;-7;JGI
Osp5HER1;a_unknown;69971;1049271;CSP;a_unknown;a_unknown;Ospheron5;Pacific;Australia;Queensland;HeronIsland;a_unknown;a_unknown;-23.4349;151.945;2012;September;corals;a_unknown;a_unknown;fine_medium;sand;heterogeneous;a_unknown;-7;JGI
OvacBAH1;a_unknown;66507;1045207;CSP;a_unknown;a_unknown;Ovacuus;Atlantic;CentralAmerica;Bahamas;a_unknown;a_unknown;a_unknown;23.770117;-76.130067;2013;April;a_unknown;sulfidic;a_unknown;coarse;sand;a_unknown;a_unknown;-0.2;JGI
OvacBAH2;a_unknown;66508;1045210;CSP;a_unknown;a_unknown;Ovacuus;Atlantic;CentralAmerica;Bahamas;a_unknown;a_unknown;a_unknown;23.770117;-76.130067;2013;April;a_unknown;sulfidic;a_unknown;coarse;sand;a_unknown;a_unknown;-0.2;JGI
